{"siegfried":"1.9.1","scandate":"2021-06-04T17:40:23+01:00","signature":"default.sig","created":"2020-10-06T19:13:40+02:00","identifiers":[{"name":"pronom","details":"DROID_SignatureFile_V97.xml; container-signature-20201001.xml"}],"files":[{"filename":"..\\test\\demo.jpg","filesize": 80826,"modified":"2020-06-05T23:15:43+01:00","errors": "","matches": [{"ns":"pronom","id":"fmt/43","format":"JPEG File Interchange Format","version":"1.01","mime":"image/jpeg","basis":"extension match jpg; byte match at [[0 14] [80824 2]]","warning":""}]},{"filename":"..\\test\\hello.pdf","filesize": 433994,"modified":"2021-06-01T15:32:45+01:00","errors": "","matches": [{"ns":"pronom","id":"fmt/17","format":"Acrobat PDF 1.3 - Portable Document Format","version":"1.3","mime":"application/pdf","basis":"extension match pdf; byte match at [[0 8] [433988 5]]","warning":""}]},{"filename":"..\\test\\metadata.json","filesize": 1144,"modified":"2021-06-03T17:12:33+01:00","errors": "","matches": [{"ns":"pronom","id":"fmt/817","format":"JSON Data Interchange Format","version":"","mime":"application/json","basis":"extension match json","warning":"match on extension only"}]},{"filename":"..\\test\\test.yml","filesize": 2613,"modified":"2021-05-01T08:08:51+01:00","errors": "","matches": [{"ns":"pronom","id":"x-fmt/111","format":"Plain Text File","version":"","mime":"text/plain","basis":"text match ASCII","warning":"match on text only; extension mismatch"}]},{"filename":"..\\test\\userconfig_piqlIngest.xml","filesize": 686,"modified":"2021-06-04T09:36:13+01:00","errors": "","matches": [{"ns":"pronom","id":"fmt/101","format":"Extensible Markup Language","version":"1.0","mime":"application/xml","basis":"extension match xml; byte match at 0, 19","warning":""}]}]}
